City_ID,City,Country,Date,Lat,Lng,Max Temp,Humidity,Cloudiness,Wind Speed
0,Albany,US,2021-06-06 20:13:47,42.6001,-73.9662,92.44,41,59,9.98
1,New Norfolk,AU,2021-06-06 20:14:40,-42.7826,147.0587,53.92,78,100,1.99
2,Avarua,CK,2021-06-06 20:14:40,-21.2078,-159.775,73.45,68,75,3.44
3,Morgan City,US,2021-06-06 20:14:41,29.6994,-91.2068,79.0,89,75,11.36
4,Adrar,MR,2021-06-06 20:14:41,20.5022,-10.0711,102.18,10,94,12.77
5,Ahipara,NZ,2021-06-06 20:14:41,-35.1667,173.1667,59.83,90,100,17.72
6,Katobu,ID,2021-06-06 20:14:41,-4.9408,122.5276,74.55,88,59,4.12
7,Mataura,NZ,2021-06-06 20:14:42,-46.1927,168.8643,43.38,87,88,2.24
8,Klaksvik,FO,2021-06-06 20:14:42,62.2266,-6.589,50.92,98,100,16.22
9,Jumla,NP,2021-06-06 20:14:42,29.2747,82.1838,55.9,88,21,2.48
10,Hobart,AU,2021-06-06 20:10:51,-42.8794,147.3294,54.27,81,0,7.38
11,Bethel,US,2021-06-06 20:14:43,41.3712,-73.414,94.41,45,1,12.66
12,Petrivka,UA,2021-06-06 20:14:43,46.9695,30.9591,57.43,78,88,7.09
13,Namie,JP,2021-06-06 20:14:43,37.4833,141.0,64.71,86,100,1.23
14,Hilo,US,2021-06-06 20:14:43,19.7297,-155.09,82.27,69,90,9.22
15,Ushuaia,AR,2021-06-06 20:14:44,-54.8,-68.3,38.86,87,40,9.22
16,Ancud,CL,2021-06-06 20:14:44,-41.8697,-73.8203,51.22,82,100,15.95
17,Arraial Do Cabo,BR,2021-06-06 20:14:44,-22.9661,-42.0278,76.86,83,0,12.66
18,Rikitea,PF,2021-06-06 20:14:45,-23.1203,-134.9692,76.86,84,96,15.68
19,Turukhansk,RU,2021-06-06 20:14:45,65.8167,87.9833,30.63,94,84,5.64
20,Jati,PK,2021-06-06 20:14:45,24.3539,68.2671,85.19,67,0,14.2
21,Barrow,US,2021-06-06 20:14:46,71.2906,-156.7887,32.02,86,90,10.36
22,Busselton,AU,2021-06-06 20:10:24,-33.65,115.3333,48.09,74,0,8.03
23,Sioux Lookout,CA,2021-06-06 20:14:46,50.1001,-91.917,92.89,33,73,18.99
24,Punta Arenas,CL,2021-06-06 20:10:23,-53.15,-70.9167,42.12,75,0,12.26
25,Xining,CN,2021-06-06 20:14:46,36.6167,101.7667,50.68,79,100,1.9
26,Vanimo,PG,2021-06-06 20:14:47,-2.6741,141.3028,77.02,88,100,4.94
27,Conde,BR,2021-06-06 20:14:47,-7.2597,-34.9075,74.66,88,75,13.15
28,Hofn,IS,2021-06-06 20:14:47,64.2539,-15.2082,47.35,93,97,11.45
29,San Quintin,MX,2021-06-06 20:14:47,30.4833,-115.95,66.4,62,17,11.95
30,Kirakira,SB,2021-06-06 20:14:48,-10.4544,161.9205,79.45,84,88,8.5
31,Cherskiy,RU,2021-06-06 20:14:48,68.75,161.3,64.29,42,100,17.11
32,Jamestown,US,2021-06-06 20:14:48,42.097,-79.2353,86.29,50,75,5.75
33,Rafsanjan,IR,2021-06-06 20:14:49,30.4067,55.9939,90.09,8,3,8.08
34,Pathein,MM,2021-06-06 20:14:49,16.7833,94.7333,83.75,76,99,8.55
35,Severo-Kurilsk,RU,2021-06-06 20:14:49,50.6789,156.125,42.01,94,100,8.88
36,Peterhead,GB,2021-06-06 20:14:49,57.5058,-1.7981,55.11,83,98,5.1
37,Torbay,CA,2021-06-06 20:14:50,47.6666,-52.7314,45.88,87,90,12.66
38,Omsukchan,RU,2021-06-06 20:14:50,62.5333,155.8,42.66,85,99,9.17
39,Burnie,AU,2021-06-06 20:14:50,-41.0667,145.9167,55.47,89,100,19.04
40,Faanui,PF,2021-06-06 20:11:56,-16.4833,-151.75,80.8,75,56,10.74
41,Hermanus,ZA,2021-06-06 20:14:51,-34.4187,19.2345,66.9,42,0,11.32
42,Georgetown,MY,2021-06-06 20:13:02,5.4112,100.3354,80.53,89,20,2.48
43,Robinson,US,2021-06-06 20:14:51,31.4677,-97.1147,88.66,63,90,5.01
44,Porto Belo,BR,2021-06-06 20:14:51,-27.1578,-48.5531,71.17,86,100,13.67
45,Lata,PT,2021-06-06 20:14:51,40.1629,-8.3327,61.36,76,0,3.71
46,Upernavik,GL,2021-06-06 20:14:52,72.7868,-56.1549,37.62,85,62,2.68
47,Butaritari,KI,2021-06-06 20:14:52,3.0707,172.7902,82.22,72,20,5.1
48,Bredasdorp,ZA,2021-06-06 20:14:52,-34.5322,20.0403,59.45,32,5,6.35
49,Coahuayana,MX,2021-06-06 20:14:53,18.7333,-103.6833,99.88,45,99,8.7
50,Kodiak,US,2021-06-06 20:14:53,57.79,-152.4072,54.32,56,17,6.67
51,Narsaq,GL,2021-06-06 20:14:53,60.9167,-46.05,55.62,68,100,3.71
52,Dikson,RU,2021-06-06 20:14:53,73.5069,80.5464,30.0,88,100,9.98
53,Pevek,RU,2021-06-06 20:14:54,69.7008,170.3133,47.1,70,41,13.58
54,Atuona,PF,2021-06-06 20:14:54,-9.8,-139.0333,79.66,65,63,7.4
55,Kapaa,US,2021-06-06 20:11:51,22.0752,-159.319,82.38,82,90,3.0
56,Faya,SA,2021-06-06 20:14:54,18.3851,42.4509,72.12,52,9,0.38
57,Glendive,US,2021-06-06 20:14:55,47.1053,-104.7125,75.69,23,1,17.27
58,Paamiut,GL,2021-06-06 20:14:55,61.994,-49.6678,38.14,97,100,3.31
59,Tiznit,MA,2021-06-06 20:14:50,29.5833,-9.5,70.25,60,100,3.71
60,Kamenka,RU,2021-06-06 20:14:55,51.3223,42.7678,56.01,91,72,5.55
61,Valdivia,CL,2021-06-06 20:12:03,-39.8142,-73.2459,42.89,86,100,1.16
62,Saint-Philippe,RE,2021-06-06 20:10:35,-21.3585,55.7679,69.35,85,70,12.68
63,Bathsheba,BB,2021-06-06 20:14:56,13.2167,-59.5167,86.61,58,40,19.73
64,Bluff,NZ,2021-06-06 20:14:56,-46.6,168.3333,46.9,84,76,9.33
65,Huilong,CN,2021-06-06 20:14:56,31.8111,121.655,73.04,75,0,10.67
66,Elizabeth City,US,2021-06-06 20:13:04,36.2946,-76.2511,94.01,60,20,4.0
67,Loikaw,MM,2021-06-06 20:14:57,19.6742,97.2094,69.48,96,100,2.57
68,The Valley,AI,2021-06-06 20:10:28,18.217,-63.0578,83.82,89,40,11.5
69,Saskylakh,RU,2021-06-06 20:14:06,71.9167,114.0833,36.36,68,63,4.52
70,Salalah,OM,2021-06-06 20:14:30,17.0151,54.0924,84.29,89,40,8.05
71,Luderitz,NA,2021-06-06 20:14:57,-26.6481,15.1594,67.48,36,0,5.5
72,Sorong,ID,2021-06-06 20:14:57,-0.8833,131.25,77.5,88,99,6.53
73,Kidal,ML,2021-06-06 20:14:58,18.4411,1.4078,99.19,13,7,8.41
74,East London,ZA,2021-06-06 20:14:58,-33.0153,27.9116,63.3,41,0,9.78
75,Port Hueneme,US,2021-06-06 20:14:58,34.1478,-119.1951,83.1,66,75,8.05
76,Chokurdakh,RU,2021-06-06 20:14:59,70.6333,147.9167,36.84,76,100,6.85
77,Alofi,NU,2021-06-06 20:14:59,-19.0595,-169.9187,75.09,78,40,4.61
78,Codrington,AU,2021-06-06 20:14:59,-38.2667,141.9667,55.99,65,100,19.66
79,Mizan Teferi,ET,2021-06-06 20:14:59,6.9833,35.5833,60.69,95,68,2.89
80,San Cristobal,VE,2021-06-06 20:15:00,7.7669,-72.225,71.78,93,100,3.56
81,Iracoubo,GF,2021-06-06 20:15:00,5.4802,-53.2011,76.01,90,100,9.75
82,Mar Del Plata,AR,2021-06-06 20:14:56,-38.0023,-57.5575,56.08,64,65,1.99
83,Brae,GB,2021-06-06 20:15:00,60.3964,-1.353,53.51,80,45,6.13
84,Prince Rupert,CA,2021-06-06 20:15:01,54.3161,-130.3201,49.69,81,100,2.71
85,Vaini,TO,2021-06-06 20:15:01,-21.2,-175.2,77.16,78,40,12.66
86,Necochea,AR,2021-06-06 20:15:01,-38.5473,-58.7368,54.03,54,100,3.91
87,Kemijarvi,FI,2021-06-06 20:15:01,66.7131,27.4306,53.76,46,4,5.82
88,Lebu,CL,2021-06-06 20:15:02,-37.6167,-73.65,51.75,70,100,2.71
89,Khanino,RU,2021-06-06 20:15:03,54.211,36.6229,57.31,97,100,6.08
90,Tuatapere,NZ,2021-06-06 20:12:59,-46.1333,167.6833,40.93,92,22,4.54
91,Carnarvon,AU,2021-06-06 20:15:04,-24.8667,113.6333,57.27,82,100,6.91
92,Kavieng,PG,2021-06-06 20:15:04,-2.5744,150.7967,81.34,77,90,7.43
93,Astrea,CO,2021-06-06 20:15:04,9.4983,-73.9759,89.13,56,100,1.45
94,Mayo,US,2021-06-06 20:15:04,38.8876,-76.5119,95.86,62,13,1.01
95,Pochinki,RU,2021-06-06 20:15:05,54.6988,44.8668,55.15,94,28,6.06
96,Panacan,PH,2021-06-06 20:15:05,9.2463,118.4082,80.71,83,100,2.33
97,Hamilton,US,2021-06-06 20:10:53,39.1834,-84.5333,85.39,67,20,1.01
98,Vardo,NO,2021-06-06 20:15:05,70.3705,31.1107,41.2,70,20,11.5
99,Longyearbyen,SJ,2021-06-06 20:15:06,78.2186,15.6401,39.04,70,0,17.27
100,Cape Town,ZA,2021-06-06 20:10:30,-33.9258,18.4232,68.34,26,20,10.22
101,Ponta Do Sol,PT,2021-06-06 20:15:06,32.6667,-17.1,69.71,78,0,2.48
102,Honavar,IN,2021-06-06 20:15:06,14.2833,74.45,79.63,83,100,1.39
103,Port Elizabeth,ZA,2021-06-06 20:15:07,-33.918,25.5701,65.1,87,20,5.75
104,Talnakh,RU,2021-06-06 20:15:07,69.4865,88.3972,30.49,99,100,3.09
105,Lompoc,US,2021-06-06 20:15:07,34.6391,-120.4579,75.02,80,90,4.0
106,Muhlhausen,DE,2021-06-06 20:15:08,51.2167,10.45,64.54,97,100,5.37
107,Danville,US,2021-06-06 20:14:35,36.586,-79.395,93.02,51,40,5.75
108,Villa Maria,AR,2021-06-06 20:15:08,-32.4075,-63.2402,54.82,56,93,9.37
109,Meybod,IR,2021-06-06 20:15:08,32.2501,54.0166,96.82,7,96,21.79
110,Tombouctou,ML,2021-06-06 20:15:09,20.0,-3.0,100.18,12,47,7.18
111,Aquiraz,BR,2021-06-06 20:15:09,-3.9014,-38.3911,84.29,76,10,5.35
112,Grindavik,IS,2021-06-06 20:15:09,63.8424,-22.4338,49.95,87,75,15.08
113,Chuy,UY,2021-06-06 20:15:09,-33.6971,-53.4616,54.05,75,100,5.06
114,Sebinkarahisar,TR,2021-06-06 20:15:10,40.2883,38.4236,45.0,72,3,4.52
115,Tulskiy,RU,2021-06-06 20:15:10,44.5094,40.1762,52.14,96,90,3.96
116,Camocim,BR,2021-06-06 20:15:10,-2.9022,-40.8411,81.07,80,53,7.11
117,Brookhaven,US,2021-06-06 20:15:11,31.5791,-90.4407,73.24,91,55,10.45
118,Khatanga,RU,2021-06-06 20:13:16,71.9667,102.5,32.61,94,97,5.48
119,Makakilo City,US,2021-06-06 20:15:11,21.3469,-158.0858,80.92,53,40,9.22
120,Comodoro Rivadavia,AR,2021-06-06 20:15:11,-45.8667,-67.5,51.55,47,43,18.72
121,Hithadhoo,MV,2021-06-06 20:15:11,-0.6,73.0833,83.03,74,8,13.85
122,Pandan,PH,2021-06-06 20:15:12,14.0453,124.1694,79.86,83,100,4.65
123,La Ronge,CA,2021-06-06 20:15:12,55.1001,-105.2842,62.85,51,75,9.22
124,Katsuura,JP,2021-06-06 20:10:53,35.1333,140.3,70.11,90,99,2.44
125,Sabha,LY,2021-06-06 20:15:12,27.0377,14.4283,86.31,15,52,11.88
126,Yellowknife,CA,2021-06-06 20:14:13,62.456,-114.3525,49.32,57,100,5.99
127,Roseburg,US,2021-06-06 20:15:13,43.2165,-123.3417,69.39,43,1,3.44
128,Houma,US,2021-06-06 20:10:14,29.5958,-90.7195,79.0,87,75,9.22
129,Valvedditturai,LK,2021-06-06 20:15:13,9.8167,80.1667,83.07,80,96,20.69
130,Bambous Virieux,MU,2021-06-06 20:15:13,-20.3428,57.7575,75.45,78,75,11.88
131,Yichang,CN,2021-06-06 20:15:14,30.7144,111.2847,75.58,87,83,1.54
132,Thompson,CA,2021-06-06 20:14:52,55.7435,-97.8558,73.8,38,100,6.17
133,Hue,VN,2021-06-06 20:15:14,16.4667,107.6,82.51,83,20,4.32
134,Labuhan,ID,2021-06-06 20:15:14,-6.8844,112.2051,78.08,85,22,4.65
135,Tongliao,CN,2021-06-06 20:15:15,43.6125,122.2653,60.58,57,8,6.85
136,Porto Novo,BJ,2021-06-06 20:15:15,6.4965,2.6036,84.02,78,88,8.32
137,Manzhouli,CN,2021-06-06 20:15:15,49.6,117.4333,56.79,47,0,4.63
138,Puerto Colombia,CO,2021-06-06 20:15:16,10.9878,-74.9547,84.29,80,100,15.17
139,Nago,JP,2021-06-06 20:15:16,26.5881,127.9761,77.16,94,100,6.29
140,Rio Gallegos,AR,2021-06-06 20:12:16,-51.6226,-69.2181,41.05,70,40,16.11
141,Buta,CD,2021-06-06 20:15:16,2.7858,24.73,72.45,82,98,1.92
142,Saldanha,ZA,2021-06-06 20:15:16,-33.0117,17.9442,65.61,46,6,15.14
143,Anadyr,RU,2021-06-06 20:15:17,64.75,177.4833,45.1,61,75,9.78
144,Los Llanos De Aridane,ES,2021-06-06 20:15:17,28.6585,-17.9182,64.15,87,20,11.65
145,Belmonte,BR,2021-06-06 20:15:17,-15.8631,-38.8828,77.5,83,10,8.16
146,Sarakhs,IR,2021-06-06 20:15:18,36.5449,61.1577,82.54,44,0,2.3
147,Grand-Santi,GF,2021-06-06 20:15:18,4.25,-54.3833,78.55,85,97,4.68
148,Alberdi,AR,2021-06-06 20:15:18,-32.8899,-60.6906,61.16,46,0,3.0
149,Rocha,UY,2021-06-06 20:12:27,-34.4833,-54.3333,51.93,80,57,4.43
150,Waipawa,NZ,2021-06-06 20:15:18,-41.4122,175.5153,53.46,91,100,1.25
151,Owase,JP,2021-06-06 20:15:19,34.0667,136.2,68.41,77,100,4.92
152,Schoneiche,DE,2021-06-06 20:15:19,52.4667,13.6833,71.6,49,0,6.73
153,Port Alfred,ZA,2021-06-06 20:10:22,-33.5906,26.891,65.52,36,0,8.14
154,Santa Cruz,BO,2021-06-06 20:15:19,-17.8,-63.1667,78.85,61,75,5.75
155,Shelburne,CA,2021-06-06 20:14:08,44.0787,-80.2041,86.31,32,9,12.06
156,Merrill,US,2021-06-06 20:11:47,45.1805,-89.6835,87.57,42,40,17.27
157,Barentu,ER,2021-06-06 20:15:20,15.1139,37.5928,90.91,18,98,2.84
158,Hillsborough,US,2021-06-06 20:15:20,37.5741,-122.3794,82.85,58,20,5.99
159,Pleszew,PL,2021-06-06 20:15:20,51.8964,17.7855,64.47,62,100,4.54
160,Kurilsk,RU,2021-06-06 20:12:15,45.2333,147.8833,51.42,83,87,1.19
161,Guerrero,MX,2021-06-06 20:15:21,17.6667,-100.0,83.77,55,100,0.47
162,Severomuysk,RU,2021-06-06 20:12:11,56.1481,113.4267,36.91,94,100,6.26
163,Nikolskoye,RU,2021-06-06 20:15:21,59.7035,30.7861,62.49,73,43,4.7
164,Nome,US,2021-06-06 20:15:21,64.5011,-165.4064,38.16,93,90,13.8
165,Viedma,AR,2021-06-06 20:15:22,-40.8135,-62.9967,52.9,38,95,12.21
166,Awjilah,LY,2021-06-06 20:15:22,29.1081,21.2869,81.64,18,0,7.87
167,Rusape,ZW,2021-06-06 20:15:22,-18.5278,32.1284,43.9,93,93,3.98
168,Fortuna,US,2021-06-06 20:15:22,40.5982,-124.1573,70.2,61,20,5.99
169,Kokopo,PG,2021-06-06 20:15:23,-4.352,152.2633,76.28,87,61,5.64
170,Ternate,ID,2021-06-06 20:15:23,0.8,127.4,80.29,78,99,2.26
171,Puerto Ayora,EC,2021-06-06 20:15:23,-0.7393,-90.3518,80.56,89,30,7.0
172,Auchi,NG,2021-06-06 20:15:24,7.0667,6.2667,73.24,94,99,2.84
173,Tasiilaq,GL,2021-06-06 20:15:24,65.6145,-37.6368,44.76,90,97,3.29
174,Nouadhibou,MR,2021-06-06 20:12:06,20.931,-17.0347,69.53,71,91,20.2
175,Sistranda,NO,2021-06-06 20:11:03,63.7256,8.834,55.36,93,94,14.16
176,Bandarbeyla,SO,2021-06-06 20:15:24,9.4942,50.8122,79.9,84,0,26.78
177,Sabang,ID,2021-06-06 20:15:25,5.8933,95.3214,83.12,71,100,20.83
178,Richards Bay,ZA,2021-06-06 20:15:25,-28.783,32.0377,59.56,77,0,7.38
179,Shingu,JP,2021-06-06 20:11:36,33.7333,135.9833,68.23,82,100,5.1
180,Cayenne,GF,2021-06-06 20:15:16,4.9333,-52.3333,82.44,84,20,3.0
181,Susanville,US,2021-06-06 20:15:25,40.4163,-120.653,82.81,21,1,17.0
182,Saint George,US,2021-06-06 20:11:01,37.1041,-113.5841,102.67,11,1,3.0
183,Kulhudhuffushi,MV,2021-06-06 20:15:26,6.6221,73.07,81.93,80,100,15.17
184,Kapiri Mposhi,ZM,2021-06-06 20:15:26,-13.9652,28.6809,55.27,61,91,10.58
185,Gorele,TR,2021-06-06 20:15:26,41.0308,39.0031,62.04,66,0,5.77
186,Padang,ID,2021-06-06 20:15:26,-0.9492,100.3543,75.87,79,62,4.12
187,Victor Harbor,AU,2021-06-06 20:15:27,-35.5667,138.6167,62.47,75,92,21.72
188,Mandal,IN,2021-06-06 20:15:27,25.45,74.5667,86.49,47,85,9.69
189,Ilulissat,GL,2021-06-06 20:15:27,69.2167,-51.1,42.82,70,94,6.91
190,Te Anau,NZ,2021-06-06 20:15:28,-45.4167,167.7167,36.5,94,16,1.12
191,Souillac,MU,2021-06-06 20:11:28,-20.5167,57.5167,72.36,84,52,9.89
192,Esperance,AU,2021-06-06 20:15:28,-33.8667,121.9,59.56,59,100,28.39
193,Berlevag,NO,2021-06-06 20:15:28,70.8578,29.0864,41.0,70,0,5.75
194,Hualmay,PE,2021-06-06 20:15:29,-11.0964,-77.6139,68.76,71,46,10.31
195,Lavrentiya,RU,2021-06-06 20:15:29,65.5833,-171.0,35.04,81,99,5.03
196,Castro,BR,2021-06-06 20:15:29,-24.7911,-50.0119,66.45,66,99,4.12
197,Nioro,GM,2021-06-06 20:15:29,13.35,-15.75,88.34,43,0,11.56
198,Yulara,AU,2021-06-06 20:15:30,-25.2406,130.9889,40.84,70,8,5.75
199,Victoria,HK,2021-06-06 20:15:15,22.2855,114.1577,82.45,86,39,1.01
200,Fairbanks,US,2021-06-06 20:15:30,64.8378,-147.7164,69.6,51,1,0.0
201,Naze,JP,2021-06-06 20:15:30,28.3667,129.4833,69.48,91,100,2.98
202,Hendek,TR,2021-06-06 20:15:31,40.7994,30.7481,53.92,64,0,5.55
203,Qaanaaq,GL,2021-06-06 20:15:31,77.484,-69.3632,40.37,84,40,5.28
204,Tyukhtet,RU,2021-06-06 20:15:31,56.5389,89.3011,54.25,96,100,12.46
205,Nelson Bay,AU,2021-06-06 20:15:31,-32.7167,152.15,49.95,92,18,6.51
206,Toguchin,RU,2021-06-06 20:15:32,55.2353,84.3858,55.11,93,97,9.01
207,Hadejia,NG,2021-06-06 20:15:32,12.4498,10.0444,86.83,43,59,13.8
208,Chapais,CA,2021-06-06 20:15:32,49.7834,-74.8492,76.78,29,54,9.26
209,San Andres,CO,2021-06-06 20:15:33,12.5847,-81.7006,86.02,74,75,14.97
210,Kaeo,NZ,2021-06-06 20:15:33,-35.1,173.7833,59.32,96,100,20.02
211,Mount Gambier,AU,2021-06-06 20:15:33,-37.8333,140.7667,57.09,60,100,15.84
212,Vysokogornyy,RU,2021-06-06 20:15:33,50.1167,139.15,46.65,97,88,3.94
213,Canberra,AU,2021-06-06 20:15:19,-35.2835,149.1281,42.55,96,90,0.0
214,Poum,NC,2021-06-06 20:15:34,-20.2333,164.0167,72.18,61,55,15.5
215,Bogatyye Saby,RU,2021-06-06 20:15:34,56.0102,50.4483,57.36,87,19,4.32
216,Lisakovsk,KZ,2021-06-06 20:15:34,52.5369,62.4936,60.93,36,19,1.34
217,Navahrudak,BY,2021-06-06 20:15:35,53.6,25.8333,57.87,87,77,6.87
218,Komsomolskiy,UZ,2021-06-06 20:15:35,40.4272,71.7189,87.22,44,63,5.37
219,Kaitangata,NZ,2021-06-06 20:10:40,-46.2817,169.8464,46.42,80,98,1.5
220,San Patricio,US,2021-06-06 20:15:35,28.017,-97.5169,92.05,65,10,17.78
221,Batemans Bay,AU,2021-06-06 20:15:35,-35.7167,150.1833,48.9,82,100,4.79
222,Luanda,AO,2021-06-06 20:15:36,-8.8368,13.2343,74.79,90,99,11.16
223,Kotido,UG,2021-06-06 20:15:36,2.9806,34.1331,70.65,60,27,5.32
224,Mackay,AU,2021-06-06 20:15:36,-21.15,149.2,57.69,85,79,12.82
225,Yar-Sale,RU,2021-06-06 20:15:37,66.8333,70.8333,35.33,83,34,10.29
226,Tiksi,RU,2021-06-06 20:15:37,71.6872,128.8694,43.99,65,100,6.42
227,Gushikawa,JP,2021-06-06 20:15:37,26.3544,127.8686,75.2,94,75,7.63
228,Aykhal,RU,2021-06-06 20:15:37,66.0,111.5,37.63,87,85,20.45
229,Challans,FR,2021-06-06 20:15:38,46.8436,-1.8749,66.4,85,94,11.07
230,Karatau,KZ,2021-06-06 20:15:38,43.1667,70.4667,71.62,58,100,10.29
231,Innisfail,AU,2021-06-06 20:15:38,-17.5333,146.0333,70.16,84,92,7.16
232,Karachi,PK,2021-06-06 20:14:07,24.9056,67.0822,85.82,70,40,11.5
233,Port Lincoln,AU,2021-06-06 20:15:39,-34.7333,135.8667,60.3,51,100,22.53
234,Sitka,US,2021-06-06 20:15:39,57.0531,-135.33,51.69,76,90,6.91
235,Weiser,US,2021-06-06 20:15:39,44.251,-116.9693,72.03,23,87,5.17
236,Zaysan,KZ,2021-06-06 20:15:39,47.4667,84.8667,50.83,45,0,4.25
237,Sungaipenuh,ID,2021-06-06 20:15:40,-2.0833,101.3833,62.04,96,61,1.59
238,Vega De Alatorre,MX,2021-06-06 20:15:40,20.0333,-96.6333,88.68,64,32,13.31
239,Port Moresby,PG,2021-06-06 20:15:40,-9.4431,147.1797,74.98,91,100,9.4
240,Broome,US,2021-06-06 20:15:22,42.2506,-75.833,90.7,45,75,3.0
241,Serenje,ZM,2021-06-06 20:15:41,-13.2325,30.2352,51.96,78,40,7.25
242,Wajima,JP,2021-06-06 20:15:41,37.4,136.9,64.96,83,98,5.97
243,Vostok,RU,2021-06-06 20:15:41,46.4856,135.8833,45.82,91,100,3.65
244,Huron,US,2021-06-06 20:15:42,41.1501,-82.5499,88.18,51,27,10.74
245,Dunedin,NZ,2021-06-06 20:15:42,-45.8742,170.5036,44.8,87,95,3.8
246,Aripuana,BR,2021-06-06 20:15:42,-9.1667,-60.6333,87.08,54,100,1.68
247,Hammerfest,NO,2021-06-06 20:15:42,70.6634,23.6821,41.45,75,0,8.05
248,Gondanglegi,ID,2021-06-06 20:15:43,-7.7479,112.0132,74.46,94,56,5.95
249,Marsh Harbour,BS,2021-06-06 20:15:43,26.5412,-77.0636,80.38,75,99,16.55
250,Kelvington,CA,2021-06-06 20:15:43,52.1667,-103.5343,60.46,74,100,16.73
251,Kiama,AU,2021-06-06 20:15:44,-34.6833,150.8667,52.25,85,74,1.01
252,Sarmanovo,RU,2021-06-06 20:15:44,55.2553,52.5891,65.08,75,5,3.71
253,Atlantic City,US,2021-06-06 20:15:44,39.3643,-74.4229,95.25,54,1,13.33
254,West Fargo,US,2021-06-06 20:15:44,46.875,-96.9004,89.6,36,40,8.01
255,Flin Flon,CA,2021-06-06 20:15:45,54.7682,-101.865,57.04,88,90,12.82
256,Mantua,IT,2021-06-06 20:15:45,45.1667,10.7833,68.32,89,100,1.99
257,Madimba,TZ,2021-06-06 20:15:45,-10.4,40.3333,72.25,79,1,10.16
258,Novoseleznevo,RU,2021-06-06 20:15:45,55.6821,69.2056,56.05,61,0,6.42
259,Jacareacanga,BR,2021-06-06 20:15:46,-6.2222,-57.7528,83.43,66,100,2.57
260,Bengkulu,ID,2021-06-06 20:15:46,-3.8004,102.2655,73.85,90,49,4.45
261,Bageshwar,IN,2021-06-06 20:15:46,29.85,79.7667,69.93,59,0,3.56
262,Tapes,BR,2021-06-06 20:15:46,-30.6733,-51.3958,59.43,76,100,11.05
263,Nishihara,JP,2021-06-06 20:15:47,26.1842,127.7558,75.25,94,90,6.89
264,Kerema,PG,2021-06-06 20:15:47,-7.9631,145.7785,76.32,92,100,5.08
265,Portland,US,2021-06-06 20:11:35,45.5234,-122.6762,61.41,62,90,1.99
266,Cardoso,BR,2021-06-06 20:15:48,-20.0819,-49.9142,84.94,27,13,1.88
267,Duldurga,RU,2021-06-06 20:15:48,50.6761,113.5931,54.99,72,93,4.92
268,Canutama,BR,2021-06-06 20:15:48,-6.5339,-64.3831,88.07,57,79,3.71
269,Ucluelet,CA,2021-06-06 20:15:48,48.9329,-125.5528,54.05,90,100,15.03
270,Chernushka,RU,2021-06-06 20:15:49,56.5072,56.0766,54.86,68,0,1.72
271,Ribeira Grande,PT,2021-06-06 20:15:49,38.5167,-28.7,66.6,82,40,10.36
272,Mersing,MY,2021-06-06 20:15:49,2.4312,103.8405,78.85,83,100,6.11
273,Billings,US,2021-06-06 20:15:50,45.7833,-108.5007,75.29,27,20,6.91
274,Pisco,PE,2021-06-06 20:15:50,-13.7,-76.2167,67.01,72,20,8.05
275,Havre-Saint-Pierre,CA,2021-06-06 20:15:50,50.2334,-63.5986,59.36,44,1,17.27
276,Preobrazheniye,RU,2021-06-06 20:15:51,42.9019,133.9064,54.43,80,16,4.45
277,Riyadh,SA,2021-06-06 20:11:33,24.6877,46.7219,100.45,9,0,5.75
278,Erenhot,CN,2021-06-06 20:15:51,43.6475,111.9767,67.51,42,100,4.07
279,Vila Franca Do Campo,PT,2021-06-06 20:14:25,37.7167,-25.4333,66.61,79,100,3.13
280,Bahia De Caraquez,EC,2021-06-06 20:15:51,-0.6,-80.4167,78.98,77,100,11.43
281,Udachnyy,RU,2021-06-06 20:15:52,66.4167,112.4,40.46,85,100,16.44
282,Tuktoyaktuk,CA,2021-06-06 20:15:52,69.4541,-133.0374,33.8,69,90,9.22
283,Adeje,ES,2021-06-06 20:15:52,28.1227,-16.726,68.16,70,20,4.0
284,Mahebourg,MU,2021-06-06 20:15:52,-20.4081,57.7,75.49,78,75,10.36
285,Batagay-Alyta,RU,2021-06-06 20:12:14,67.8006,130.4114,44.19,67,91,1.79
286,Karratha,AU,2021-06-06 20:15:53,-20.7377,116.8463,74.97,62,96,7.9
287,Poya,NC,2021-06-06 20:15:53,-21.35,165.15,67.84,62,97,6.73
288,Bang Saphan,TH,2021-06-06 20:15:53,11.2126,99.5117,81.32,79,100,7.4
289,Spring Hill,US,2021-06-06 20:14:00,28.4769,-82.5255,96.66,58,40,5.01
290,Phalaborwa,ZA,2021-06-06 20:15:54,-23.943,31.1411,58.28,73,34,7.83
291,Wladyslawowo,PL,2021-06-06 20:15:54,54.7909,18.4009,59.65,65,31,1.92
292,Porto Velho,BR,2021-06-06 20:15:55,-8.7619,-63.9039,77.05,94,20,2.3
293,Trat,TH,2021-06-06 20:15:55,12.5,102.5,78.78,95,95,3.0
294,Mogadishu,SO,2021-06-06 20:13:06,2.0371,45.3438,79.18,87,53,20.62
295,Deputatskiy,RU,2021-06-06 20:15:55,69.3,139.9,37.45,74,7,3.42
296,Flinders,AU,2021-06-06 20:15:55,-34.5833,150.8552,52.05,86,72,1.01
297,Gat,IL,2021-06-06 20:15:56,31.61,34.7642,72.81,68,0,2.66
298,Tessalit,ML,2021-06-06 20:15:56,20.1986,1.0114,96.84,13,89,7.58
299,Liwale,TZ,2021-06-06 20:15:56,-9.7667,37.9333,63.95,73,0,5.1
300,Westport,US,2021-06-06 20:11:28,41.1415,-73.3579,95.92,42,1,4.0
301,Coihaique,CL,2021-06-06 20:15:57,-45.5752,-72.0662,48.81,71,75,6.91
302,Port Hedland,AU,2021-06-06 20:13:11,-20.3167,118.5667,71.65,49,68,9.22
303,Ziguinchor,SN,2021-06-06 20:15:57,12.5833,-16.2719,84.4,70,0,6.91
304,Impfondo,CG,2021-06-06 20:15:57,1.6381,18.0667,69.44,94,96,2.17
305,Maceio,BR,2021-06-06 20:12:20,-9.6658,-35.7353,80.04,73,20,8.88
306,Bocanda,CI,2021-06-06 20:15:58,7.0626,-4.4995,80.44,74,100,7.96
307,San Rafael,AR,2021-06-06 20:15:21,-34.6177,-68.3301,58.98,44,96,10.36
308,George Town,MY,2021-06-06 20:15:58,5.4112,100.3354,80.53,89,20,2.48
309,Hobyo,SO,2021-06-06 20:12:52,5.3505,48.5268,78.87,87,32,26.55
310,Tual,ID,2021-06-06 20:15:58,-5.6667,132.75,80.91,78,100,14.32
311,Cloquet,US,2021-06-06 20:15:59,46.7216,-92.4594,88.36,41,1,14.97
312,Buraydah,SA,2021-06-06 20:11:18,26.326,43.975,93.61,10,4,12.06
313,Norman Wells,CA,2021-06-06 20:15:59,65.282,-126.8329,50.04,76,75,10.36
314,Provideniya,RU,2021-06-06 20:11:21,64.3833,-173.3,39.31,70,20,4.47
315,Aklavik,CA,2021-06-06 20:16:00,68.2191,-135.0107,41.72,44,13,7.63
316,College,US,2021-06-06 20:16:00,64.8569,-147.8028,66.22,51,75,4.61
317,Aksu,CN,2021-06-06 20:16:00,41.1231,80.2644,76.53,25,84,7.0
318,Baruun-Urt,MN,2021-06-06 20:16:00,46.6806,113.2792,61.68,43,100,6.73
319,Kano,NG,2021-06-06 20:11:45,12.0001,8.5167,88.66,34,16,5.01
320,Taylorville,US,2021-06-06 20:16:01,39.5489,-89.2945,84.38,61,75,10.36
321,Setermoen,NO,2021-06-06 20:16:01,68.861,18.3486,62.44,45,19,3.27
322,North Branch,US,2021-06-06 20:16:02,45.5113,-92.9802,92.23,46,0,18.16
323,Basco,PH,2021-06-06 20:16:02,20.4487,121.9702,83.84,73,100,8.55
324,Bambanglipuro,ID,2021-06-06 20:16:02,-7.95,110.2833,56.61,90,13,1.66
325,Mabaruma,GY,2021-06-06 20:16:02,8.2,-59.7833,80.55,81,73,7.02
326,Cap Malheureux,MU,2021-06-06 20:16:03,-19.9842,57.6142,75.69,84,5,1.99
327,Vangaindrano,MG,2021-06-06 20:15:00,-23.35,47.6,65.75,84,96,11.16
328,Ottawa,CA,2021-06-06 20:12:16,45.4112,-75.6981,90.75,51,58,8.99
329,Taoudenni,ML,2021-06-06 20:16:03,22.6783,-3.9836,106.52,7,90,7.29
330,Paragominas,BR,2021-06-06 20:16:04,-2.9667,-47.4833,83.03,65,88,3.62
331,Kodinsk,RU,2021-06-06 20:13:43,58.6881,99.1844,40.08,77,23,4.09
332,Salta,AR,2021-06-06 20:15:11,-24.7859,-65.4117,63.19,71,40,8.01
333,Bayir,TR,2021-06-06 20:16:04,37.2687,28.2167,64.92,39,94,3.6
334,Santa Rita Do Sapucai,BR,2021-06-06 20:16:04,-22.2522,-45.7033,66.85,73,68,0.34
335,Fanai,IR,2021-06-06 20:16:05,38.517,44.9745,64.42,27,0,5.26
336,Biak,ID,2021-06-06 20:16:05,-0.9131,122.8766,75.42,75,77,3.87
337,Sao Joao Da Barra,BR,2021-06-06 20:16:05,-21.6403,-41.0511,77.09,83,100,15.05
338,Maungatapere,NZ,2021-06-06 20:16:06,-35.75,174.2,58.08,98,100,10.51
339,Abu Kamal,SY,2021-06-06 20:16:06,34.4506,40.9171,82.6,17,0,10.42
340,Port Macquarie,AU,2021-06-06 20:16:06,-31.4333,152.9167,45.37,67,1,5.19
341,Port Blair,IN,2021-06-06 20:16:07,11.6667,92.75,83.88,78,100,11.45
342,Hailun,CN,2021-06-06 20:16:07,47.45,126.9333,53.38,90,0,4.29
343,Cabo San Lucas,MX,2021-06-06 20:16:07,22.8909,-109.9124,101.8,35,1,10.36
344,Boysun,UZ,2021-06-06 20:16:07,38.2061,67.1986,81.09,16,7,8.7
345,Itoman,JP,2021-06-06 20:16:08,26.1247,127.6694,75.97,94,75,8.05
346,Aswan,EG,2021-06-06 20:15:02,24.0934,32.907,88.2,12,5,12.75
347,Kloulklubed,PW,2021-06-06 20:16:08,7.0419,134.2556,77.5,82,100,7.02
348,Ponta Delgada,PT,2021-06-06 20:11:32,37.7333,-25.6667,66.92,82,20,14.97
349,Lantawan,PH,2021-06-06 20:16:08,10.6167,123.9833,74.89,84,100,3.83
350,Chulumani,BO,2021-06-06 20:16:09,-16.4096,-67.5263,66.06,91,96,2.75
351,Petropavlovsk-Kamchatskiy,RU,2021-06-06 20:13:10,53.0452,158.6483,41.59,100,90,2.55
352,Le Port,RE,2021-06-06 20:16:09,-20.9373,55.2919,69.76,77,95,8.88
353,Ekpoma,NG,2021-06-06 20:13:28,6.7421,6.139,70.38,94,100,2.66
354,Leningradskiy,RU,2021-06-06 20:16:09,69.3833,178.4167,38.16,87,15,12.15
355,Sumbe,AO,2021-06-06 20:16:10,-11.2061,13.8437,74.39,89,38,6.64
356,Bud,US,2021-06-06 20:16:10,39.447,-86.1758,84.9,65,100,12.39
357,Airai,TL,2021-06-06 20:16:10,-8.9266,125.4092,55.06,82,69,2.75
358,Wadi Musa,JO,2021-06-06 20:11:55,30.3222,35.4793,63.18,49,2,2.26
359,Matara,LK,2021-06-06 20:16:11,5.9485,80.5353,78.85,88,90,9.84
360,Cidreira,BR,2021-06-06 20:16:11,-30.1811,-50.2056,63.18,78,100,10.18
361,Shebunino,RU,2021-06-06 20:16:11,46.4339,141.8603,50.9,99,92,2.95
362,Caraballeda,VE,2021-06-06 20:16:11,10.6112,-66.8522,82.47,78,100,6.91
363,Hasaki,JP,2021-06-06 20:16:12,35.7333,140.8333,66.29,85,100,1.74
364,Nanortalik,GL,2021-06-06 20:16:12,60.1432,-45.2371,45.99,68,100,14.56
365,Mehamn,NO,2021-06-06 20:16:12,71.0357,27.8492,41.18,65,0,4.61
366,Ardahan,TR,2021-06-06 20:16:13,41.1087,42.7022,40.12,87,69,2.8
367,Alyangula,AU,2021-06-06 20:16:13,-13.8483,136.4192,71.47,100,75,9.75
368,Mecca,SA,2021-06-06 20:16:13,21.4267,39.8261,88.18,50,5,2.57
369,General Roca,AR,2021-06-06 20:16:06,-39.0333,-67.5833,54.0,39,100,11.83
370,Takoradi,GH,2021-06-06 20:16:13,4.8845,-1.7554,80.08,81,7,10.92
371,Caravelas,BR,2021-06-06 20:16:14,-17.7125,-39.2481,74.44,79,0,4.94
372,Pangody,RU,2021-06-06 20:15:47,65.85,74.4859,34.12,74,20,8.43
373,Biltine,TD,2021-06-06 20:16:14,14.5333,20.9167,92.95,17,98,6.42
374,Myitkyina,MM,2021-06-06 20:16:14,25.3833,97.4,74.21,96,100,0.67
375,Chihuahua,MX,2021-06-06 20:16:15,28.5,-106.0,90.43,10,40,16.98
376,Santa Rosa,PH,2021-06-06 20:16:15,14.3122,121.1114,83.1,88,100,1.21
377,Chernyshevskiy,RU,2021-06-06 20:16:15,63.0128,112.4714,38.07,73,9,13.33
378,Sao Filipe,CV,2021-06-06 20:16:16,14.8961,-24.4956,75.92,68,7,6.98
379,Georgiyevskoye,RU,2021-06-06 20:16:16,58.731,45.024,57.99,67,10,3.42
380,Saint Pete Beach,US,2021-06-06 20:16:16,27.7253,-82.7412,96.85,65,20,8.01
381,Forestville,US,2021-06-06 20:16:06,38.8451,-76.875,95.07,49,1,11.5
382,Salisbury,GB,2021-06-06 20:13:55,51.0693,-1.7957,63.48,81,8,5.35
383,Neiafu,TO,2021-06-06 20:16:17,-18.65,-173.9833,79.48,73,20,8.05
384,Ciro Marina,IT,2021-06-06 20:16:17,39.3732,17.126,70.23,74,7,1.59
385,Ligayan,PH,2021-06-06 20:16:17,4.6533,119.4706,83.25,71,100,2.77
386,Shache,CN,2021-06-06 20:16:17,38.4167,77.2406,77.85,19,57,6.98
387,Kahului,US,2021-06-06 20:11:29,20.8947,-156.47,83.46,66,20,20.71
388,Neosho,US,2021-06-06 20:16:18,36.869,-94.368,81.61,65,61,3.0
389,Zadar,HR,2021-06-06 20:13:46,44.1197,15.2422,70.65,77,20,0.0
390,Acari,PE,2021-06-06 20:16:18,-15.4311,-74.6158,75.49,53,0,7.94
391,Maldonado,UY,2021-06-06 20:16:18,-34.6667,-54.9167,54.79,80,4,5.59
392,Antequera,ES,2021-06-06 20:16:19,37.0194,-4.5612,66.18,59,0,5.73
393,Umm Kaddadah,SD,2021-06-06 20:16:19,13.6017,26.6876,91.02,12,2,9.98
394,Bowen,AU,2021-06-06 20:16:19,-20.0167,148.2333,66.42,79,98,9.8
395,Ler,SS,2021-06-06 20:16:19,8.3018,30.1418,74.89,84,71,8.86
396,Vestmannaeyjar,IS,2021-06-06 20:16:20,63.4427,-20.2734,47.39,93,90,20.71
397,Half Moon Bay,US,2021-06-06 20:16:20,37.4636,-122.4286,82.42,58,1,10.36
398,Kefamenanu,ID,2021-06-06 20:16:20,-9.4467,124.4781,66.2,90,65,3.71
399,Jiquinlaca,HN,2021-06-06 20:16:20,14.0,-88.35,95.67,44,81,1.97
400,Parana,AR,2021-06-06 20:16:21,-31.732,-60.5238,60.46,47,8,9.19
401,Porlamar,VE,2021-06-06 20:16:21,10.958,-63.8491,87.89,58,100,15.12
402,Rawson,AR,2021-06-06 20:16:21,-43.3002,-65.1023,54.25,42,14,17.78
403,Sechura,PE,2021-06-06 20:16:22,-5.5569,-80.8222,75.2,63,93,11.52
404,Sobolevo,RU,2021-06-06 20:16:22,54.4299,31.8996,56.77,90,62,6.17
405,Makat,KZ,2021-06-06 20:16:22,47.6469,53.3463,73.81,34,100,8.34
406,Mirnyy,RU,2021-06-06 20:16:22,62.5353,113.9611,40.87,65,50,13.89
407,Edson,CA,2021-06-06 20:16:23,53.5835,-116.4356,60.94,29,90,4.61
408,Laramie,US,2021-06-06 20:16:23,41.3114,-105.5911,82.78,13,1,8.05
409,Gorom-Gorom,BF,2021-06-06 20:16:23,14.4439,-0.2361,98.42,22,5,6.42
410,Daru,PG,2021-06-06 20:16:24,-9.0763,143.2092,77.07,88,99,17.69
411,Aliwal North,ZA,2021-06-06 20:16:24,-30.6937,26.7114,44.01,47,0,4.03
412,Mugumu,TZ,2021-06-06 20:16:24,-1.85,34.7,60.28,74,35,5.61
413,Okhotsk,RU,2021-06-06 20:16:25,59.3833,143.3,42.78,87,100,2.68
414,Manaus,BR,2021-06-06 20:16:25,-3.1019,-60.025,90.1,66,40,4.61
415,Ostrovnoy,RU,2021-06-06 20:16:25,68.0531,39.5131,39.67,87,7,8.16
416,Vao,NC,2021-06-06 20:16:25,-22.6667,167.4833,70.21,68,100,16.17
417,Danilovka,RU,2021-06-06 20:16:26,50.3557,44.1168,57.49,87,53,5.48
418,Morehead,US,2021-06-06 20:15:35,37.2711,-87.1764,75.31,89,90,1.01
419,Roald,NO,2021-06-06 20:16:26,62.5833,6.1333,58.91,82,40,3.44
420,Mago,RU,2021-06-06 20:12:15,53.2514,140.1822,41.31,87,100,4.94
421,Alice Springs,AU,2021-06-06 20:16:26,-23.7,133.8833,38.75,75,16,3.74
422,Hudiksvall,SE,2021-06-06 20:16:27,61.729,17.1036,61.52,68,78,3.96
423,Fort Nelson,CA,2021-06-06 20:15:13,58.8053,-122.7002,54.99,71,75,6.91
424,Palmer,US,2021-06-06 20:16:27,42.1584,-72.3287,94.28,36,75,10.47
425,Dzhankoy,UA,2021-06-06 20:16:27,45.7167,34.4,56.77,91,98,9.04
426,Laguna,US,2021-06-06 20:16:28,38.421,-121.4238,93.65,34,1,5.01
427,Havoysund,NO,2021-06-06 20:16:28,70.9963,24.6622,41.88,66,6,8.39
428,Tooele,US,2021-06-06 20:16:28,40.5308,-112.2983,86.95,27,1,2.71
429,Encheng,CN,2021-06-06 20:16:28,22.1839,112.3026,75.52,85,0,1.45
430,Bull Savanna,JM,2021-06-06 20:16:29,17.8868,-77.5902,84.27,63,12,19.66
431,Vizinga,RU,2021-06-06 20:16:29,61.0749,50.1031,58.06,70,84,3.56
432,Lodja,CD,2021-06-06 20:14:20,-3.4833,23.4333,70.14,96,51,2.04
433,Isakly,RU,2021-06-06 20:16:29,54.1333,51.5333,57.33,77,35,2.75
434,Saint-Pierre,RE,2021-06-06 20:16:30,-21.3393,55.4781,69.44,93,90,4.61
435,Fernandez,AR,2021-06-06 20:16:30,-27.9204,-63.8935,64.54,61,100,4.23
436,Siderno,IT,2021-06-06 20:13:31,38.2779,16.302,75.34,62,95,5.17
437,Bajmok,RS,2021-06-06 20:16:30,45.9688,19.4243,63.64,76,30,6.93
438,Baoshan,CN,2021-06-06 20:16:31,46.5586,131.4244,51.64,87,0,3.56
439,Chase,CA,2021-06-06 20:15:08,50.8165,-119.6857,62.08,53,95,3.44
440,Pangnirtung,CA,2021-06-06 20:16:31,66.1451,-65.7125,37.4,81,75,12.66
441,Hegang,CN,2021-06-06 20:16:31,47.4,130.3667,49.98,86,0,3.71
442,Lagunas,PE,2021-06-06 20:16:31,-5.2269,-75.6753,78.58,93,96,2.71
443,Kaniama,CD,2021-06-06 20:16:32,-7.5667,24.1833,71.35,56,22,4.65
444,Springfield,US,2021-06-06 20:13:41,37.2153,-93.2982,80.83,76,40,8.99
445,Balkhash,KZ,2021-06-06 20:16:32,46.844,74.9804,63.95,38,8,16.26
446,Rosario,AR,2021-06-06 20:16:32,-32.9468,-60.6393,61.07,45,0,3.0
447,Vila Velha,BR,2021-06-06 20:16:33,-20.3297,-40.2925,76.95,80,0,3.0
448,Matipo,BR,2021-06-06 20:16:33,-20.2839,-42.3411,69.87,74,100,3.29
449,Asau,RO,2021-06-06 20:16:33,46.4333,26.4,54.52,86,6,4.27
450,Manokwari,ID,2021-06-06 20:16:34,-0.8667,134.0833,78.33,80,100,3.94
451,Asekeyevo,RU,2021-06-06 20:16:34,53.5742,52.7972,57.67,66,8,4.12
452,Balaipungut,ID,2021-06-06 20:16:34,1.05,101.2833,74.57,85,76,1.34
453,Tiarei,PF,2021-06-06 20:16:34,-17.5333,-149.3333,84.22,75,60,11.01
454,Athabasca,CA,2021-06-06 20:15:49,54.7169,-113.2854,70.21,38,98,11.16
455,Lethem,GY,2021-06-06 20:16:35,3.3803,-59.7968,83.57,74,79,8.1
456,Avera,US,2021-06-06 20:14:06,33.194,-82.5271,91.71,61,99,9.1
457,Belyy Yar,RU,2021-06-06 20:16:35,53.6039,91.3903,48.09,81,0,6.44
458,Gaya,IN,2021-06-06 20:16:35,24.7833,85.0,84.11,74,33,0.0
459,Wanaka,NZ,2021-06-06 20:13:08,-44.7,169.15,36.1,98,70,5.01
460,Insar,RU,2021-06-06 20:16:36,53.8653,44.3738,55.33,93,77,5.79
461,Guerrero Negro,MX,2021-06-06 20:16:36,27.9769,-114.0611,72.81,53,84,12.95
462,Grand Gaube,MU,2021-06-06 20:16:36,-20.0064,57.6608,75.6,84,6,1.99
463,Bassano,CA,2021-06-06 20:16:37,50.7834,-112.4685,64.63,33,56,5.46
464,Byron Bay,AU,2021-06-06 20:13:18,-28.65,153.6167,50.88,91,14,7.31
465,Debre Birhan,ET,2021-06-06 20:16:37,9.6833,39.5333,54.82,52,98,2.89
466,Minab,IR,2021-06-06 20:16:37,27.1467,57.0801,89.1,78,10,6.64
467,Zamosc,PL,2021-06-06 20:16:38,50.7231,23.252,58.84,85,7,5.82
468,Pochutla,MX,2021-06-06 20:16:38,15.7432,-96.4661,91.22,58,90,6.38
469,Severnoye,RU,2021-06-06 20:16:38,56.3491,78.3619,55.96,79,22,8.37
470,Pelym,RU,2021-06-06 20:16:39,61.0108,61.9978,52.34,40,26,5.59
471,Bereda,ES,2021-06-06 20:16:39,43.2686,-7.5406,58.75,91,32,4.81
472,Kindersley,CA,2021-06-06 20:15:14,51.4668,-109.1682,62.62,45,75,19.57
473,Renfrew,GB,2021-06-06 20:14:19,55.872,-4.3925,61.03,58,53,5.75
474,Khani,GE,2021-06-06 20:16:39,41.9563,42.9566,49.57,99,93,0.27
475,Touros,BR,2021-06-06 20:14:13,-5.1989,-35.4608,77.9,82,21,13.13
476,Ati,TD,2021-06-06 20:16:40,13.2154,18.3353,94.33,26,93,6.04
477,Havelock,US,2021-06-06 20:16:40,34.8791,-76.9013,85.05,83,75,8.99
478,Saint-Joseph,RE,2021-06-06 20:16:40,-21.3667,55.6167,68.36,86,60,11.52
479,Tandil,AR,2021-06-06 20:16:41,-37.3217,-59.1332,53.11,47,100,1.01
480,Sitrah,BH,2021-06-06 20:16:41,26.1547,50.6206,95.22,65,0,3.0
481,Geraldton,AU,2021-06-06 20:16:41,-28.7667,114.6,55.13,93,85,14.14
482,Tupik,RU,2021-06-06 20:16:41,54.4253,119.9327,53.19,72,7,5.59
483,Ingham,US,2021-06-06 20:16:42,42.6,-84.3833,89.37,39,1,8.05
484,San Juan,AR,2021-06-06 20:15:19,-31.5375,-68.5364,70.74,40,0,5.32
485,Moose Factory,CA,2021-06-06 20:16:42,51.2585,-80.6094,78.8,50,75,2.3
486,Kharp,RU,2021-06-06 20:16:42,66.8014,65.8081,32.86,76,6,7.05
487,Strai,NO,2021-06-06 20:16:43,58.2,7.9,63.19,60,0,6.71
488,Lesozavodsk,RU,2021-06-06 20:16:43,45.4794,133.4244,50.83,93,0,4.23
489,Polewali,ID,2021-06-06 20:16:43,-3.4324,119.3435,75.58,90,82,3.38
490,Eatonton,US,2021-06-06 20:16:16,33.3268,-83.3885,91.85,61,92,6.08
491,Rosamorada,MX,2021-06-06 20:16:44,22.1222,-105.2058,101.97,28,3,13.02
492,Taltal,CL,2021-06-06 20:16:44,-25.4,-70.4833,63.82,71,17,4.38
493,Utinga,BR,2021-06-06 20:16:44,-5.8172,-35.3954,79.2,83,75,5.75
494,Cockburn Town,TC,2021-06-06 20:16:44,21.4612,-71.1419,80.15,80,5,20.92
495,Muros,ES,2021-06-06 20:16:45,42.7762,-9.0603,68.85,71,19,11.1
496,Sao Felix Do Xingu,BR,2021-06-06 20:16:45,-6.6447,-51.995,83.91,62,99,1.83
497,Odweyne,SO,2021-06-06 20:16:45,9.4092,45.064,78.17,47,0,15.77
498,Severo-Yeniseyskiy,RU,2021-06-06 20:16:46,60.3725,93.0408,38.86,90,100,3.11
499,Iqaluit,CA,2021-06-06 20:16:46,63.7506,-68.5145,37.13,74,75,4.0
500,Strathpeffer,GB,2021-06-06 20:16:46,57.588,-4.5382,58.23,81,83,3.83
501,Jiwani,PK,2021-06-06 20:16:46,25.05,61.7417,84.33,74,12,8.05
502,Dubovskoye,RU,2021-06-06 20:16:47,47.4092,42.7575,63.61,89,29,6.82
503,Saint-Augustin,CA,2021-06-06 20:16:47,51.226,-58.6502,58.98,43,9,8.08
504,Nuuk,GL,2021-06-06 20:16:47,64.1835,-51.7216,45.21,87,75,10.36
505,Rafai,CF,2021-06-06 20:16:48,4.95,23.9167,69.01,94,99,2.39
506,Evansville,US,2021-06-06 20:16:05,37.9748,-87.5558,77.18,90,90,1.99
507,Martapura,ID,2021-06-06 20:16:48,-3.4167,114.85,78.89,94,20,1.61
508,Cabedelo,BR,2021-06-06 20:16:48,-6.9811,-34.8339,75.87,84,17,14.27
509,Sijunjung,ID,2021-06-06 20:16:49,-0.6876,100.9537,69.48,86,95,2.24
510,Watsa,CD,2021-06-06 20:16:49,3.0372,29.5355,62.74,90,65,2.28
511,Yaring,TH,2021-06-06 20:16:49,6.8662,101.3689,78.8,86,100,8.39
512,Irgakly,RU,2021-06-06 20:16:49,44.3611,44.7556,59.63,90,100,12.97
513,Kalaleh,IR,2021-06-06 20:16:50,37.3807,55.4916,72.32,61,0,2.3
514,Grand Baie,MU,2021-06-06 20:16:50,-20.0182,57.5802,75.67,84,6,1.99
515,Balykshi,KZ,2021-06-06 20:16:50,47.0667,51.8667,66.2,48,40,2.24
516,Breves,BR,2021-06-06 20:16:50,-1.6822,-50.4803,87.58,57,68,4.03
517,Varhaug,NO,2021-06-06 20:16:51,58.6147,5.6457,56.86,82,100,10.09
518,Pemangkat,ID,2021-06-06 20:16:51,1.1667,108.9667,77.11,85,97,5.32
519,Vicosa Do Ceara,BR,2021-06-06 20:16:51,-3.5622,-41.0922,76.95,62,67,2.55
520,Eyl,SO,2021-06-06 20:16:52,7.9803,49.8164,79.84,83,1,19.89
521,Solnechnyy,RU,2021-06-06 20:16:52,50.7214,136.6319,49.39,98,100,4.59
522,Chamba,IN,2021-06-06 20:16:52,32.5667,76.1333,73.99,61,62,7.16
523,Ola,RU,2021-06-06 20:16:52,59.5833,151.2833,45.63,82,66,2.46
524,Lorengau,PG,2021-06-06 20:16:53,-2.0226,147.2712,79.9,78,96,4.07
525,Severnyy,RU,2021-06-06 20:16:53,50.677,36.5532,57.24,100,0,4.47
526,Salekhard,RU,2021-06-06 20:14:55,66.53,66.6019,34.77,66,5,6.62
527,Masuda,JP,2021-06-06 20:16:53,34.6667,131.85,65.35,87,99,4.97
528,Papara,BR,2021-06-06 20:16:54,-3.9839,-38.7273,82.8,73,38,2.44
529,Carupano,VE,2021-06-06 20:16:54,10.6678,-63.2585,81.14,79,99,11.12
530,Zhirnovsk,RU,2021-06-06 20:16:54,50.9845,44.7735,57.78,85,34,4.23
531,Rakke,EE,2021-06-06 20:16:54,58.9817,26.2544,56.5,80,51,4.41
532,Gimli,CA,2021-06-06 20:16:55,50.6336,-96.9907,76.42,53,100,17.27
533,Rajkot,IN,2021-06-06 20:16:55,22.3,70.7833,84.0,100,7,13.33
534,Phan Thiet,VN,2021-06-06 20:16:55,10.9333,108.1,78.96,84,100,7.63
535,Kruisfontein,ZA,2021-06-06 20:16:55,-34.0033,24.7314,63.88,21,0,9.04
536,Lakatoro,VU,2021-06-06 20:16:56,-16.0999,167.4164,75.45,82,94,12.41
537,Walbrzych,PL,2021-06-06 20:16:56,50.7714,16.2843,62.89,75,16,1.19
538,Darnah,LY,2021-06-06 20:16:56,32.767,22.6367,70.65,73,1,13.06
539,Buchanan,LR,2021-06-06 20:16:57,5.8808,-10.0467,80.56,85,99,4.25
540,Itaueira,BR,2021-06-06 20:16:57,-7.6033,-43.0256,92.88,28,47,8.81
541,Clyde River,CA,2021-06-06 20:16:57,70.4692,-68.5914,35.83,93,90,10.36
542,Yerbogachen,RU,2021-06-06 20:16:57,61.2767,108.0108,38.01,67,2,9.42
543,Ariquemes,BR,2021-06-06 20:16:57,-9.9133,-63.0408,89.74,51,100,1.7
544,Shakawe,BW,2021-06-06 20:16:58,-18.3667,21.85,53.13,53,0,6.33
545,Bara,NG,2021-06-06 20:16:58,10.3744,10.7288,79.75,63,100,10.51
546,Zhigansk,RU,2021-06-06 20:16:58,66.7697,123.3711,47.55,50,100,6.06
547,Kamojima,JP,2021-06-06 20:16:59,34.0667,134.35,66.02,79,100,3.83
548,Mount Isa,AU,2021-06-06 20:16:30,-20.7333,139.5,44.37,70,0,0.0
549,Atar,MR,2021-06-06 20:16:59,20.5169,-13.0499,100.87,14,11,16.06
550,Kedrovyy,RU,2021-06-06 20:12:10,56.1667,91.8167,54.01,91,100,11.05
551,Kavaratti,IN,2021-06-06 20:16:59,10.5669,72.642,82.74,75,100,10.76
552,Henties Bay,NA,2021-06-06 20:17:00,-22.116,14.2845,75.85,45,0,1.05
553,Dingle,PH,2021-06-06 20:17:00,10.9995,122.6711,75.72,86,100,1.61
554,Pirai Do Sul,BR,2021-06-06 20:17:00,-24.5261,-49.9486,66.27,64,88,3.22
555,Arlit,NE,2021-06-06 20:17:00,18.7369,7.3853,97.39,11,26,14.03
556,Kaiyuan,CN,2021-06-06 20:17:01,23.6977,103.3037,67.48,92,98,2.68
557,Ozinki,RU,2021-06-06 20:17:01,51.1786,49.6769,62.4,77,85,0.67
558,La Baneza,ES,2021-06-06 20:17:01,42.3003,-5.8977,67.8,47,100,4.21
559,Korla,CN,2021-06-06 20:17:02,41.7597,86.1469,72.21,38,44,11.1
560,Cacequi,BR,2021-06-06 20:17:02,-29.8836,-54.825,60.13,70,100,13.44
561,Gravdal,NO,2021-06-06 20:17:03,68.1214,13.5031,62.49,55,0,3.44
562,Ghanzi,BW,2021-06-06 20:17:03,-21.5667,21.7833,49.86,52,0,9.1
563,Presidencia Roque Saenz Pena,AR,2021-06-06 20:17:03,-26.7852,-60.4388,59.11,95,100,4.99
564,Kibaya,TZ,2021-06-06 20:17:03,-5.3,36.5667,54.21,92,13,4.83
565,Marzuq,YE,2021-06-06 20:17:04,14.4,46.4667,84.33,31,32,5.03
566,Mogzon,RU,2021-06-06 20:12:12,51.7435,111.9606,46.36,92,89,3.51
567,Kosh-Agach,RU,2021-06-06 20:17:04,50.0,88.6667,39.96,69,3,2.93
568,Nueva Loja,EC,2021-06-06 20:17:04,0.0847,-76.8828,78.28,100,40,4.61
569,Wanning,CN,2021-06-06 20:17:05,18.8003,110.3967,78.85,91,30,3.78
570,Roebourne,AU,2021-06-06 20:17:05,-20.7833,117.1333,74.98,60,97,6.98
571,Rumst,BE,2021-06-06 20:17:05,51.0797,4.4251,66.45,63,0,6.58
572,Nayoro,JP,2021-06-06 20:17:05,44.3506,142.4578,53.38,95,96,5.08
573,Gwadar,PK,2021-06-06 20:17:06,25.1216,62.3254,83.53,76,49,6.04
574,Igarka,RU,2021-06-06 20:17:06,67.4667,86.5833,29.89,97,99,6.04
575,Mandalgovi,MN,2021-06-06 20:17:06,45.7625,106.2708,46.78,79,7,21.0
576,Axim,GH,2021-06-06 20:17:07,4.8699,-2.2405,79.84,80,8,10.0
577,Dondo,MZ,2021-06-06 20:17:07,-19.6094,34.7431,62.37,93,52,5.86
578,Kajaani,FI,2021-06-06 20:17:07,64.2273,27.7285,60.85,67,0,11.5
579,Husavik,IS,2021-06-06 20:13:50,66.0449,-17.3389,53.69,62,86,13.04
580,Kuliyapitiya,LK,2021-06-06 20:17:08,7.4688,80.0401,75.88,94,100,4.25
